{"cameraMode":{"drawMode":0,"name":"Shaded","section":"Shading Mode"},"sceneLighting":true,"audioPlay":false,"sceneViewState":{"m_AlwaysRefresh":false,"showFog":true,"showSkybox":true,"showFlares":true,"showImageEffects":true,"showParticleSystems":true,"showVisualEffectGraphs":true,"m_FxEnabled":true},"in2DMode":false,"pivot":{"x":1.9324899911880494,"y":2.1275103092193605,"z":-2.0410051345825197},"rotation":{"x":-0.00006831831706222147,"y":-0.9983771443367004,"z":0.056969285011291507,"w":-0.0012014571111649275},"size":6.707296848297119,"orthographic":false}